Type ,Site,Lng,Lat,Alt,Temp,RH,pH,Cond,OC,TN,TP,C:N,MTC,MTN,MTP,TC:TN,Chl_a,Chl_b,MDA,TSS,POD,SOD,CAT,Biomass,WC,Mn,Fe,Cu,Zn,As,Cd,Tl,Pb
Spr_TL,1,101.715677,29.748686,4365,35.7,55.1,7.71,595,6.449341046,1.831104026,1.078653572,3.522105219,337.9807547,15.54801164,4.886792426,21.73787636,2.641925,0.83391,28.38,23.634,2140,113.7992832,12.5223,78.58066667,0.640242299,48.27 ,2161.08 ,2.06 ,33.68 ,2.26 ,0.426 ,0.109 ,2.601 
Spr_TL,2,101.714663,29.74933,4363,37.8,59.9,7.33,674,5.937440458,1.748332342,0.946809392,3.396059385,311.4373684,13.58553275,4.648903736,22.92419253,2.57752,1.17532,29.67,30.186,1640,143.6491935,13.4123,62.11533333,0.788145034,274.48 ,15220.08 ,10.67 ,47.24 ,4.91 ,0.779 ,0.242 ,4.463 
Spr_TL,3,101.715667,29.749732,4378,41.5,58.9,6.75,674,5.189512018,1.627316783,0.838035171,3.188999261,293.1083568,12.87118977,4.275735039,22.77243689,2.874185,0.77023,24.802,31.356,1400,96.34551495,8.4283,87.8486667,1.136874416,35.93 ,2203.75 ,6.09 ,31.31 ,1.52 ,2.069 ,0.067 ,1.389 
Spr_TL,4,101.715158,29.750088,4373,42.4,58.8,7.21,678,6.201350357,1.97932089,1.038327233,3.133069725,353.6584434,15.42605289,4.967386386,22.92604893,3.164125,1.42239,30.96,27.729,1900,111.2588652,10.7843,68.82066667,0.939476921,46.06 ,2613.67 ,1.95 ,21.93 ,0.84 ,0.683 ,0.035 ,1.347 
Spr_TL,5,101.714469,29.750802,4374,40.4,57.9,6.85,848,6.474319416,1.588082219,0.960058248,4.076816262,261.2928571,11.34413727,3.586712004,23.03329472,2.67449,1.07386,25.284,28.548,1480,95.61258278,8.7583,77.78333333,1.781478466,74.12 ,3035.90 ,1.41 ,27.76 ,0.99 ,0.180 ,0.039 ,2.996 
Cas_TL,6,101.712217,29.750822,4338,59.8,32,7.69,977,10.06087883,2.729762901,1.402470674,3.685623695,385.4065421,18.21251241,5.630330868,21.16163511,3.47459,1.47902,25.542,29.601,3540,101.6156463,11.3653,93.97533333,1.261780701,986.11 ,13720.22 ,7.51 ,21.92 ,4.20 ,0.140 ,0.202 ,2.686 
Cas_TL,7,101.71201,29.751396,4336,60.6,38.6,7.16,1334,8.403218428,2.507916084,1.054500893,3.350677673,337.0325243,14.9439528,4.355533042,22.55310418,3.1742,0.80208,19.608,36.089,3800,109.5950704,15.0143,73.52666667,1.061973709,561.67 ,6837.87 ,2.50 ,19.35 ,1.24 ,0.118 ,0.066 ,1.863 
Cas_TL,8,101.711307,29.751827,4324,56.2,36.8,6.92,1607,8.496414498,2.52531681,1.324624511,3.364494492,312.6783415,13.55058366,4.567427228,23.07489842,2.771435,1.90353,20.125,32.643,2780,116.9387755,9.4963,74.58,2.078276839,400.08 ,14165.88 ,10.27 ,17.55 ,5.12 ,0.118 ,0.259 ,2.640 
Cas_TL,9,101.710646,29.751984,4303,58.4,36.1,6.97,1688,12.11936885,3.966269071,1.803172885,3.055609348,342.0232093,15.01915709,4.725308027,22.77246368,2.680815,2.00265,21.156,32.76,2660,106.3368056,8.4703,82.01266667,0.895464777,3398.61 ,15117.29 ,5.64 ,29.66 ,2.27 ,0.204 ,0.140 ,2.717 
Cas_TL,10,101.710996,29.75283,4306,59.2,36.9,7.21,1664,9.646793469,3.096703911,1.64197117,3.115181091,326.1857426,14.90234375,4.780539866,21.88821759,3.061465,0.98603,28.251,32.877,3040,149.1769547,10.7793,88.25733333,2.563208424,1067.00 ,16712.14 ,9.06 ,18.75 ,4.79 ,0.128 ,0.244 ,3.562 
Cus_TL,11,101.707113,29.757794,4216,57,49.6,6.96,592,8.355395699,1.990232651,1.357526047,4.198200494,343.8495122,16.11165524,5.27738012,21.34166273,2.906285,1.63475,26.058,30.42,3320,177.8409091,17.7733,103.4253333,0.818085238,852.00 ,20850.00 ,15.12 ,31.87 ,4.58 ,0.126 ,0.342 ,10.126 
Cus_TL,12,101.706308,29.758945,4207,54.9,49.1,7.36,596,7.126530265,1.679166168,0.958221589,4.244088763,357.2737438,16.89189189,5.430797244,21.15060564,2.901655,1.57073,26.574,30.303,3020,182.0276498,14.6583,100.9026667,0.837565782,617.56 ,12580.94 ,7.62 ,15.34 ,3.83 ,0.084 ,0.200 ,4.020 
Cus_TL,13,101.70751,29.760607,4179,60.9,56.2,7.06,593,6.513371453,1.566396181,0.887182369,4.158189053,376.6572549,16.59157689,5.421981244,22.7017153,3.135415,1.28741,19.255,30.771,3900,241.0714286,17.7733,119.08,0.662941999,677.05 ,15447.10 ,10.74 ,19.99 ,5.15 ,0.129 ,0.256 ,5.781 
Cus_TL,14,101.705998,29.761639,4153,55.4,50.1,7.94,521,8.966015318,2.177836548,1.478716546,4.116936749,392.8223671,17.41293532,5.183429825,22.55922737,3.56975,1.31358,22.188,35.546,2500,133.2364341,11.8103,140.564,0.92439485,756.36 ,18778.68 ,13.87 ,23.05 ,6.21 ,0.146 ,0.315 ,6.657 
Cus_TL,15,101.706749,29.762548,4151,57.8,48.4,7.15,601,6.423904988,1.420607746,0.90034198,4.521941406,325.3647368,14.8996063,4.775244957,21.83713652,3.50713,1.9501,20.158,32.058,2840,218.4278351,13.9463,132.0326667,0.788608164,515.37 ,12215.49 ,7.93 ,16.61 ,3.98 ,0.142 ,0.185 ,4.170 
Rap_TL,16,101.692178,29.783436,3974,65.8,32,7.39,348,9.04848619,2.684767949,1.352468332,3.370304757,321.6346512,13.82466281,4.7208725,23.26528,1.455045,2.30099,15.093,36.387,3620,206.4676617,18.0403,100.9786667,1.183416138,204.51 ,4390.03 ,2.81 ,5.43 ,2.44 ,0.044 ,0.061 ,1.855 
Rap_TL,17,101.691156,29.783917,3955,65.5,31.8,7.57,347,6.039213993,1.313463143,0.994375503,4.59793183,335.4582266,15.80883766,4.868697813,21.2196642,1.125945,3.18907,20.382,35.568,3940,307.6298701,17.7733,133.674,1.271119973,325.46 ,7556.19 ,5.07 ,14.55 ,3.08 ,0.076 ,0.110 ,3.570 
Rap_TL,18,101.690419,29.784355,3956,64.9,31.8,7.97,334,5.206383364,1.543148885,0.808993925,3.373869764,353.0158128,16.27906977,5.214536801,21.68525707,1.01286,2.4968,16.449,43.173,3780,262.6041667,18.5903,89.394,0.779076087,220.05 ,4310.42 ,2.28 ,6.47 ,2.45 ,0.051 ,0.051 ,1.554 
Rap_TL,19,101.6892,29.785058,3926,64.7,37.4,7.64,340,7.327176126,1.857140588,0.961035185,3.94540735,345.3043925,15.43414634,5.303143633,22.37275615,0.924025,2.89103,17.997,38.493,3840,251.4522822,20.6213,154.56,0.747664717,202.50 ,3771.65 ,2.06 ,6.97 ,2.58 ,0.043 ,0.046 ,1.464 
Rap_TL,20,101.688709,29.785625,3922,64.5,38.2,7.96,294,5.451545064,1.456815642,0.855727554,3.74209674,397.4454106,18.29076621,5.7155,21.72929259,1.195225,2.13383,20.253,34.866,4620,294.0251572,20.3543,104.262,0.626179236,223.08 ,4407.69 ,2.39 ,6.69 ,2.45 ,0.051 ,0.055 ,1.902 
Rim_TL,21,101.676663,29.789865,3838,61,62.4,7.36,251,7.481933843,1.895608885,1.040464853,3.946981839,291.8840887,12.42044359,4.171830739,23.50029502,3.412565,1.51391,13.674,30.771,3200,121.7592593,10.7423,106.4246667,0.622671147,239.18 ,8082.16 ,4.71 ,12.06 ,4.81 ,0.056 ,0.114 ,4.311 
Rim_TL,22,101.675841,29.790027,3819,61.7,62.4,7.64,285,6.985758135,1.611180321,0.949185439,4.335801551,317.329703,13.80629302,4.435776329,22.98442475,3.33996,1.20108,12.513,31.824,3900,239.0710383,13.3233,128.1746667,0.962842352,225.31 ,5382.06 ,3.08 ,7.91 ,4.05 ,0.058 ,0.074 ,2.563 
Rim_TL,23,101.675351,29.790388,3813,59.2,70.5,7.67,253,8.072215635,1.820923815,1.341605596,4.43303315,346.6102439,15.74833174,5.047319553,22.00933087,3.48129,1.6529,18.865,35.802,3800,200,10.3863,99.28866667,0.87985345,301.79 ,6275.96 ,3.85 ,11.33 ,4.99 ,0.058 ,0.094 ,3.144 
Rim_TL,24,101.674667,29.790719,3809,58.4,72,7.96,212,5.936377886,1.434049226,0.86209855,4.13959143,327.4881517,14.9507874,4.753212963,21.90440831,3.107675,2.19589,21.058,32.643,3100,159.7222222,16.5273,115.3646667,1.084698695,240.77 ,4972.28 ,2.96 ,10.99 ,3.84 ,0.046 ,0.065 ,2.106 
Rim_TL,25,101.674034,29.790703,3797,57,76.1,7.67,285,7.98287604,2.326970541,1.234350793,3.430587495,336.2973709,15.20833333,4.478916748,22.11270384,3.165575,2.06501,14.448,29.952,4500,196.8599034,9.4963,70.01666667,1.143488038,226.24 ,4325.90 ,2.48 ,7.71 ,3.50 ,0.044 ,0.057 ,2.169 
